artifact_id,artifact_type,claim_scope,analysis_entry_point,frozen_input_or_output,builder_or_visualization_entry_point,external_resource,status,release_blocker
core_method,software,"GSS/CSS, SNP annotation, aggregate and conditional S-LDSC",src/edgemap/,quickstart/output/results.json,NA,"gsMap resource; LIANA consensus",local_ready,"Include genomic-order commit 8ebcd46 or its reviewed equivalent in the immutable publication tag"
figure_1,main_figure,"Conceptual method and workflow",NA,NA,NA,"Design asset provenance",paper_asset,"Archive editable source or identify software and asset provenance"
figure_2,main_figure,"Simulation calibration and power","scripts/run_simulation.py; scripts/run_power_curve.py; scripts/run_factorial_power.py","results/simulation*; results/power*; results/factorial_power/*.csv",MISSING,"gsMap LD resources where applicable",blocked,"No final visualization entry point mapped to fig2_simulation.pdf; analysis variants require provenance resolution"
figure_3,main_figure,"Trait-tissue landscape and global controls","scripts/run_batch.py; scripts/rebuild_landscape.py; scripts/run_agg_sensitivity.py; scripts/run_lr_membership_baseline.py","results/aggregated/landscape.csv and curated control CSV/JSON",MISSING,"Public GWAS; public spatial datasets; gsMap",blocked,"No final visualization entry point; analysis programs contain site-specific paths or duplicated variants"
figure_4,main_figure,"Heart case study and replication","scripts/run_perpair_replication.py; scripts/analysis/run_kuppe_sender_receiver_deconv_validation.py","curated heart per-pair and sender-receiver CSV/JSON",MISSING,"GSE165838; Zenodo 6578047; GWAS; gsMap",blocked,"No final visualization entry point; freeze exact section and trait inputs"
figure_5,main_figure,"Liver case study and modules","scripts/run_edge_modules.py; core pipeline","curated liver per-pair and module CSV/JSON",MISSING,"GSE192741/GSE192742; GWAS; gsMap",blocked,"Analysis script currently creates plots; split analysis export from visualization"
figure_6,main_figure,"Brain case study and spatial maps","scripts/rerun_brain_perpair.py; scripts/prepare_brain_cellresolved_validation.py","curated brain per-pair and spatial-map CSV/JSON",MISSING,"spatialLIBD; GWAS; gsMap",blocked,"Site-specific paths and missing final visualization entry point"
extended_figure_1,extended_figure,"Gut and hippocampus case studies","core pipeline; scripts/prepare_hippocampus_h5ad.py","curated gut and hippocampus per-pair CSV/JSON",MISSING,"GSE189184/SCP1884; GSE264692; GWAS; gsMap",blocked,"No final visualization entry point and no frozen input manifest"
extended_figure_2,extended_figure,"Modules and spatial organization","scripts/run_edge_modules.py; scripts/run_spatial_gradient.py","curated module and spatial-gradient CSV/JSON",MISSING,"Public spatial datasets",blocked,"Analysis programs create figures; must split plotting from computation"
extended_figure_3,extended_figure,"Calibration and replication controls","scripts/run_ld_aware_null.py; scripts/run_matched_pseudopair.py; scripts/run_perpair_replication.py","curated calibration and replication CSV/JSON",MISSING,"1000 Genomes/gsMap; public spatial and GWAS inputs",blocked,"Multiple analysis variants and no final visualization entry point"
extended_figure_4,extended_figure,"Pair robustness and constant-score diagnostic","scripts/exp2_perpair_cross_section.py; scripts/analyze_constant_score_control.py","curated cross-section and constant-score CSV/JSON",MISSING,"Public spatial and GWAS inputs",blocked,"Site-specific paths and no final visualization entry point"
extended_figure_5,extended_figure,"Biological characterization","scripts/recompute_geneset.py; scripts/recompute_l2g.py; scripts/run_finemapped_enrichment_position_based.py","curated gene-set and fine-mapping CSV/JSON",MISSING,"MAGMA/reference panels; fine-mapping sources",blocked,"External licenses/provenance unresolved and no final visualization entry point"
extended_figure_6,extended_figure,"Effect quantification","scripts/run_taustar_enrichment.py","curated tau-star and heterogeneity CSV/JSON",MISSING,"Public GWAS; spatial datasets; gsMap",blocked,"Site-specific paths and no final visualization entry point"
extended_figure_7,extended_figure,"Robustness and genomic controls","scripts/run_lr_matched_shuffle.py; scripts/run_genotype_null_battery.py; scripts/audit_jackknife_se_impact.py; scripts/analyze_constant_score_control.py","curated robustness CSV/JSON",MISSING,"1000 Genomes/gsMap; public inputs",blocked,"Resolve exact current result variants and add final visualization entry point"
extended_figure_8,extended_figure,"Power and design sensitivity","scripts/run_factorial_power.py; scripts/run_subsample_power.py","results/factorial_power/*.csv and curated subsampling CSV/JSON",MISSING,"Frozen design parameters",blocked,"Site-specific defaults and no final visualization entry point"
extended_data_items,table_family,"One Extended Data table and eight Extended Data figures; nine combined display items","artifact-specific analysis programs",paper/Extended_Data_Table_1.xlsx,"artifact-tool workbook assembly; scripts/verify_supplementary_package.py","Sources listed per item",local_ready,"Final structure is one item below the ten-item cap; no second Extended Data table is part of the submission"
extended_table_1_donor_summary,extended_data_sheet,"Donor-level replication summary","scripts/rebuild_replication_meta_donor.py",results/replication/meta_donor_level.csv,"artifact-tool workbook assembly",NA,local_ready,"Eleven donor-level tissue-trait summaries; section detail is in Supplementary Table 5"
extended_table_1_notes,extended_data_sheet,"Inference and provenance notes for donor-level replication",NA,"results/replication/meta_donor_level.csv; results/cross_replication/replication_landscape.csv","artifact-tool workbook assembly",NA,local_ready,"Keep donor-level inference primary"
supplementary_tables,table_family,"Nine consolidated Supplementary Table workbooks","artifact-specific analysis programs","paper/Supplementary_Table_1_SI_Guide.xlsx; paper/Supplementary_Table_2_Aggregate_Genetic_Results.xlsx; paper/Supplementary_Table_3_LR_Context_Prioritization.xlsx; paper/Supplementary_Table_4_Constituent_Genes_and_Method_Comparison.xlsx; paper/Supplementary_Table_5_Aggregate_Robustness_and_Sensitivity.xlsx; paper/Supplementary_Table_6_Null_and_Model_Controls.xlsx; paper/Supplementary_Table_7_LR_Class_Conditioned_Sensitivity.xlsx; paper/Supplementary_Table_8_Heart_Sender_Receiver.xlsx; paper/Supplementary_Table_9_LR_Context_Structural_QC.xlsx","artifact-tool workbook assembly; scripts/assemble_supplementary_workbook.py (read-only release validator)","Sources listed per sheet",local_ready,"Exact filenames and ordered sheet contracts are enforced by scripts/supplementary_package_contract.py"
si_05_primary_domain_control,supplementary_sheet,"PUBLIC: primary spatial-domain composition control over 13 combinations","scripts/build_tables.py",results/publication_tables/primary_domain_control.csv,"artifact-tool workbook assembly","Public ST/GWAS/gsMap remain external",local_ready,"Former display-item detail is consolidated here; preserve the 13-row frozen source"
si_05_section_level_descriptive,supplementary_sheet,"PUBLIC: all 71 section-trait replication observations","scripts/build_tables.py",results/publication_tables/replication_section_level.csv,"final: MISSING consolidated builder","Public spatial and GWAS inputs remain external",blocked_final_builder,"Descriptive only because DLPFC serial sections are donor-correlated"
si_05_section_level_meta_legacy,supplementary_sheet,"PUBLIC: legacy section-level Stouffer summary retained for audit","scripts/build_tables.py",results/publication_tables/replication_section_meta_legacy.csv,"final: MISSING consolidated builder",NA,blocked_final_builder,"Explicitly label as legacy descriptive; donor-level inference is primary"
si_05_section_level_notes,supplementary_sheet,"PUBLIC: provenance and independence notes for section-level replication",NA,"results/replication/meta_donor_level.csv; results/cross_replication/replication_landscape.csv","final: MISSING consolidated builder",NA,blocked_final_builder,"Generate from one versioned table specification"
si_05_alternative_gene_sets,supplementary_sheet,"PUBLIC: 293-row exploratory matched alternative-gene-set sensitivity; not a pair-identity test","scripts/compile_matched_pseudopair.py",results/matched_pseudopair/compiled/per_pair.csv,"artifact-tool workbook assembly",NA,local_ready,"Report 150 nominal patterns and 93 no-alternative-reached rows descriptively; they are not confirmatory endpoints"
si_05_alternative_gene_set_notes,supplementary_sheet,"PUBLIC: definition provenance and explicit pair-identity limitation for alternative gene sets",NA,results/matched_pseudopair/compiled/notes.json,"artifact-tool workbook assembly",NA,local_ready,"The comparison changes constituent genes and cannot distinguish LR identity direction or interaction"
si_05_matching_balance,supplementary_sheet,"PUBLIC: 50 property-by-combination matching-balance diagnostics","scripts/compile_matched_pseudopair.py",results/matched_pseudopair/compiled/matching_balance.csv,"artifact-tool workbook assembly",NA,local_ready,"Imperfect balance is reported in full and prevents confirmatory interpretation"
si_06_multitissue_simulation,supplementary_sheet,"PUBLIC: 12-row heart DLPFC gut aggregate simulation grid","scripts/analysis/compile_multitissue_sim.py",results/multitissue_simulation/multitissue_sim_summary.csv,"final: MISSING consolidated builder",NA,blocked_final_builder,"Migrated from legacy Extended Data Table 3"
si_06_simulation_notes,supplementary_sheet,"PUBLIC: scope and provenance for multi-tissue simulation",NA,results/multitissue_simulation/multitissue_sim_summary.json,"final: MISSING consolidated builder",NA,blocked_final_builder,"Generate notes from the frozen summary"
si_01_si_guide,supplementary_sheet,"PUBLIC: index of the nine final SI workbooks and their scope",NA,reproducibility/PUBLICATION_MANIFEST.csv,"artifact-tool workbook assembly; scripts/verify_supplementary_package.py",NA,local_ready,"The release verifier enforces the exact nine-workbook package"
si_01_legacy_mapping,supplementary_sheet,"PUBLIC: complete legacy 24-workbook to final nine-workbook sheet mapping",NA,reproducibility/PUBLICATION_MANIFEST.csv,"MISSING final consolidated-SI builder",NA,blocked_final_builder,"Archive the mapping but do not publish the redundant legacy workbooks"
si_01_provenance_qc,supplementary_sheet,"PUBLIC: publication-facing inference and provenance QC summary","scripts/build_supp_table_audit_log.py","results/referee_audit/tau_sign_table.csv; results/referee_audit/aggregate_ordering_summary.csv; results/referee_audit/constant_score_control.csv; results/referee_audit/controlled_cross_moran_battery.csv","legacy: scripts/build_supp_table_audit_log.py; final: MISSING consolidated builder","Public frozen summaries only; raw GWAS/ST and gsMap remain external",blocked_final_builder,"Curate cited frozen summaries and add the final consolidated-SI builder"
si_01_provenance_notes,supplementary_sheet,"PUBLIC: interpretation notes for Provenance QC",NA,reproducibility/PUBLICATION_MANIFEST.csv,"legacy: scripts/build_supp_table_audit_log.py; final: MISSING consolidated builder",NA,blocked_final_builder,"Generate notes from the release manifest rather than hand-copying text"
si_02_landscape,supplementary_sheet,"PUBLIC: corrected 85-combination aggregate node/edge landscape","core pipeline; scripts/run_batch.py; scripts/rebuild_landscape.py",results/aggregated/landscape.csv,"legacy: scripts/build_tables.py; final: MISSING consolidated builder","GWAS/ST/gsMap inputs remain at authoritative sources",blocked_portability_and_builder,"Canonical batch entry point still requires path/provenance cleanup; final builder is missing"
si_02_landscape_notes,supplementary_sheet,"PUBLIC: scope and inference notes for Landscape",NA,results/aggregated/landscape.csv,"legacy: scripts/assemble_supplementary_workbook.py; final: MISSING consolidated builder",NA,blocked_final_builder,"Generate notes from a single table specification"
si_02_taustar_combinations,supplementary_sheet,"PUBLIC: tau-star and enrichment for all 85 combinations","scripts/run_taustar_enrichment.py; scripts/build_supp_table12_taustar.py","results/taustar_enrichment/all_results.csv; results/referee_audit/aggregate_ordering_summary.csv","legacy: scripts/build_supp_table12_taustar.py; final: MISSING consolidated builder","GWAS/ST/gsMap inputs remain external",blocked_portability_and_builder,"run_taustar_enrichment.py contains site-specific paths and the final builder is missing"
si_02_taustar_meta_analysis,supplementary_sheet,"PUBLIC: tissue-level random-effects tau-star meta-analysis","scripts/build_supp_table12_taustar.py",results/taustar_enrichment/meta_analysis.csv,"legacy: scripts/build_supp_table12_taustar.py; final: MISSING consolidated builder",NA,blocked_final_builder,"Freeze checksum and add final consolidated builder"
si_02_taustar_notes,supplementary_sheet,"PUBLIC: definitions and interpretation for tau-star outputs",NA,"results/taustar_enrichment/all_results.csv; results/taustar_enrichment/meta_analysis.csv","legacy: scripts/build_supp_table12_taustar.py; final: MISSING consolidated builder",NA,blocked_final_builder,"Generate notes from a single table specification"
si_02_directionality_qc,supplementary_sheet,"PUBLIC: fitted-tau sign audit for Bonferroni-positive and FDR-prioritized context rows","scripts/recompute_perpair_empirical_genomic.py; scripts/build_supp_table_tau_sign.py",results/referee_audit/tau_sign_table.csv,"legacy: scripts/build_supp_table_tau_sign.py; artifact-tool final assembly","GWAS/ST/gsMap inputs remain external",blocked_canonical_analysis,"Resolve the canonical empirical-calibration entry point; preserve positive/prioritized context-row terminology"
si_02_directionality_summary,supplementary_sheet,"PUBLIC: counts from the directionality audit","scripts/build_supp_table_tau_sign.py",results/referee_audit/tau_sign_table.csv,"legacy: scripts/build_supp_table_tau_sign.py; final: MISSING consolidated builder",NA,blocked_final_builder,"Summary must be derived by the builder from the frozen QC CSV"
si_02_directionality_notes,supplementary_sheet,"PUBLIC: inference notes for directionality QC",NA,results/referee_audit/tau_sign_table.csv,"legacy: scripts/build_supp_table_tau_sign.py; final: MISSING consolidated builder",NA,blocked_final_builder,"Generate notes from a single table specification"
si_02_standard_errors,supplementary_sheet,"PUBLIC: aggregate tau-edge standard errors and genomic-order z scores","scripts/analyze_aggregate_ordering.py; scripts/build_supp_table_se_and_power.py","results/taustar_enrichment/all_results.csv; results/aggregated/landscape.csv; results/referee_audit/aggregate_ordering_summary.csv","legacy: scripts/build_supp_table_se_and_power.py; final: MISSING consolidated builder",NA,blocked_frozen_sheet_and_builder,"Export the exact final sheet as compact CSV and add the final builder"
si_02_detection_boundary,supplementary_sheet,"PUBLIC: analytic 80-percent-power thresholds from observed standard errors","scripts/build_supp_table_se_and_power.py",results/referee_audit/se_and_power.json,"legacy: scripts/build_supp_table_se_and_power.py; final: MISSING consolidated builder",NA,blocked_final_builder,"Freeze checksum and add final consolidated builder"
si_02_power_curve,supplementary_sheet,"PUBLIC: average power curve over the observed-SE distribution","scripts/run_factorial_power.py; scripts/build_supp_table_se_and_power.py","results/factorial_power/factorial_power_summary.csv; results/referee_audit/se_and_power.json","legacy: scripts/build_supp_table_se_and_power.py; final: MISSING consolidated builder",NA,blocked_portability_and_builder,"Review site-specific defaults in the power analysis and add final builder"
si_02_se_power_notes,supplementary_sheet,"PUBLIC: definitions and caveats for standard errors and power",NA,results/referee_audit/se_and_power.json,"legacy: scripts/build_supp_table_se_and_power.py; final: MISSING consolidated builder",NA,blocked_final_builder,"Generate notes from a single table specification"
si_03_heart,supplementary_sheet,"PUBLIC: empirically calibrated heart LR-context constituent-gene rows","scripts/recompute_perpair_empirical_genomic.py",results/perpair_empirical_50k_genomic/heart_*.csv,"artifact-tool workbook assembly","Heart ST/GWAS/gsMap remain external",blocked_canonical_analysis,"Resolve canonical 50000-replicate entry point; no LR-relation direction or interaction claim"
si_03_heart_notes,supplementary_sheet,"PUBLIC: inference and interpretation rules for Heart",NA,results/perpair_empirical_50k_genomic/heart_*.csv,"legacy: scripts/assemble_supplementary_workbook.py; final: MISSING consolidated builder",NA,blocked_final_builder,"Generate notes from a single table specification"
si_03_brain_dlpfc,supplementary_sheet,"PUBLIC: empirically calibrated DLPFC LR-context constituent-gene rows","scripts/recompute_perpair_empirical_genomic.py",results/perpair_empirical_50k_genomic/brain_*.csv,"artifact-tool workbook assembly","spatialLIBD/GWAS/gsMap remain external",blocked_canonical_analysis,"Resolve canonical 50000-replicate entry point; no LR-relation direction or interaction claim"
si_03_brain_notes,supplementary_sheet,"PUBLIC: inference and interpretation rules for Brain DLPFC",NA,results/perpair_empirical_50k_genomic/brain_*.csv,"legacy: scripts/assemble_supplementary_workbook.py; final: MISSING consolidated builder",NA,blocked_final_builder,"Generate notes from a single table specification"
si_03_liver,supplementary_sheet,"PUBLIC: empirically calibrated liver LR-context constituent-gene rows","scripts/recompute_perpair_empirical_genomic.py",results/perpair_empirical_50k_genomic/liver_*.csv,"artifact-tool workbook assembly","Liver ST/GWAS/gsMap remain external",blocked_canonical_analysis,"Resolve canonical 50000-replicate entry point; no LR-relation direction or interaction claim"
si_03_liver_notes,supplementary_sheet,"PUBLIC: inference and interpretation rules for Liver",NA,results/perpair_empirical_50k_genomic/liver_*.csv,"legacy: scripts/assemble_supplementary_workbook.py; final: MISSING consolidated builder",NA,blocked_final_builder,"Generate notes from a single table specification"
si_03_gut,supplementary_sheet,"PUBLIC: empirically calibrated gut LR-context constituent-gene rows","scripts/recompute_perpair_empirical_genomic.py",results/perpair_empirical_50k_genomic/gut_*.csv,"artifact-tool workbook assembly","Gut ST/GWAS/gsMap remain external",blocked_canonical_analysis,"Resolve canonical 50000-replicate entry point; no LR-relation direction or interaction claim"
si_03_gut_notes,supplementary_sheet,"PUBLIC: inference and interpretation rules for Gut",NA,results/perpair_empirical_50k_genomic/gut_*.csv,"legacy: scripts/assemble_supplementary_workbook.py; final: MISSING consolidated builder",NA,blocked_final_builder,"Generate notes from a single table specification"
si_03_hippocampus,supplementary_sheet,"PUBLIC: hippocampal LR-context constituent-gene ranking only; no empirical calibration","core conditional context ranking; scripts/build_supp_table15_hippo.py",results/aggregated/perpair_all.csv,"artifact-tool workbook assembly","GSE264692/GWAS/gsMap remain external",blocked_provenance,"Freeze the exact hippocampus rows separately from the mixed aggregated file; retain ranking-only language"
si_03_hippocampus_notes,supplementary_sheet,"PUBLIC: explicit no-empirical-calibration limitation for hippocampus",NA,results/aggregated/perpair_all.csv,"legacy: scripts/build_supp_table15_hippo.py; final: MISSING consolidated builder",NA,blocked_final_builder,"Preserve ranking-only language in the generated notes"
si_04_tier_sensitivity,supplementary_sheet,"PUBLIC: tier-sensitive drug-target and Mendelian overlap summaries","scripts/rebuild_edge_gene_sets.py; scripts/assemble_supplementary_workbook.py","results/perpair_empirical_50k_genomic/enrichment_rebuilt.json; results/perpair_empirical_50k_genomic/tier_sensitivity.json","legacy: scripts/assemble_supplementary_workbook.py; final: MISSING consolidated builder","DGIdb and OMIM source terms/version require review; LIANA is bundled",blocked_license_analysis_and_builder,"Record DGIdb/OMIM retrieval/version and redistribution terms; resolve canonical builder inputs"
si_04_prioritized_genes,supplementary_sheet,"PUBLIC: prioritized constituent-gene tier and annotation assignments","scripts/rebuild_edge_gene_sets.py","results/perpair_empirical_50k_genomic/edge_genes_rebuilt.json; results/perpair_empirical_50k_genomic/fdr010_pairs_rebuilt.csv","artifact-tool workbook assembly","DGIdb/OMIM annotations require source-version provenance",blocked_license,"Freeze the exact 31-gene table and source versions; this is a convenience prioritization set rather than a discovery set"
si_04_prioritized_gene_notes,supplementary_sheet,"PUBLIC: constituent-gene set scope background and interpretation limits",NA,"results/perpair_empirical_50k_genomic/edge_genes_rebuilt.json; results/perpair_empirical_50k_genomic/tier_sensitivity.json","artifact-tool workbook assembly",NA,local_ready,"Preserve the convenience-set and no-pair-identity limitations"
si_04_magma_l2g,supplementary_sheet,"PUBLIC: EdgeMap versus MAGMA-like and Open Targets L2G prioritization","scripts/recompute_geneset.py; scripts/recompute_l2g.py",results/validation/gene_method_comparison.csv,"legacy: scripts/build_tables.py; final: MISSING consolidated builder","MAGMA/reference panel and Open Targets L2G version/licence require review",blocked_license_portability_and_builder,"Parameterize analysis paths and record exact external source versions before publishing"
si_04_magma_l2g_notes,supplementary_sheet,"PUBLIC: method thresholds underflow handling and pooled interpretation",NA,results/validation/gene_method_comparison.csv,"legacy: scripts/assemble_supplementary_workbook.py; final: MISSING consolidated builder","Open Targets and reference-panel provenance",blocked_final_builder,"Generate notes from one versioned table specification"
si_05_two_sided_inference,supplementary_sheet,"PUBLIC: two-sided sensitivity over the 85 aggregate combinations","scripts/generate_twosided_sensitivity.py",results/twosided_sensitivity/twosided_sensitivity.csv,"legacy: scripts/build_tables.py; final: MISSING consolidated builder",NA,blocked_final_builder,"Freeze checksum and add final consolidated builder"
si_05_two_sided_notes,supplementary_sheet,"PUBLIC: primary one-sided versus descriptive two-sided/FDR scope",NA,results/twosided_sensitivity/twosided_sensitivity.csv,"legacy: scripts/assemble_supplementary_workbook.py; final: MISSING consolidated builder",NA,blocked_final_builder,"Generate notes from one versioned table specification"
si_05_domain_sensitivity,supplementary_sheet,"PUBLIC: expression coordinate-only and joint spatial-domain sensitivity","scripts/run_niche_clustering_sensitivity.py; scripts/build_supp_table11_niche.py","results/niche_clustering_sensitivity_genomic/niche_clustering_sensitivity.csv; results/niche_clustering_sensitivity_genomic/summary.json","legacy: scripts/build_supp_table11_niche.py; final: MISSING consolidated builder","Public ST/GWAS/gsMap remain external",blocked_analysis_review_and_builder,"Verify canonical genomic-order runner and parameterization; add final builder"
si_05_domain_notes,supplementary_sheet,"PUBLIC: domain definitions matching and scope",NA,results/niche_clustering_sensitivity_genomic/summary.json,"legacy: scripts/build_supp_table11_niche.py; final: MISSING consolidated builder",NA,blocked_final_builder,"Generate notes from one versioned table specification"
si_05_max_vs_p95,supplementary_sheet,"PUBLIC: max-versus-95th-percentile GSS aggregation sensitivity","scripts/run_node_agg_sensitivity.py; scripts/build_supp_table13_node_aggregation.py","results/node_agg_sensitivity/landscape_node_p95.csv; results/node_agg_sensitivity/st13_max_vs_p95.csv; results/aggregated/landscape.csv","legacy: scripts/build_supp_table13_node_aggregation.py; final: MISSING consolidated builder","Public ST/GWAS/gsMap remain external",blocked_portability_and_builder,"run_node_agg_sensitivity.py contains site-specific paths; add final builder"
si_05_aggregation_notes,supplementary_sheet,"PUBLIC: aggregation comparison and conclusion-change notes",NA,results/node_agg_sensitivity/st13_max_vs_p95.csv,"legacy: scripts/build_supp_table13_node_aggregation.py; final: MISSING consolidated builder",NA,blocked_final_builder,"Generate notes from one versioned table specification"
si_05_added_baselines,supplementary_sheet,"PUBLIC: edge z under four gene-class baselines and joint control","scripts/run_additional_baselines.py; scripts/build_supp_table14_baselines.py","results/additional_baselines_genomic/additional_baselines.csv; results/additional_baselines_genomic/summary.json","legacy: scripts/build_supp_table14_baselines.py; final: MISSING consolidated builder","Public ST/GWAS/gsMap remain external",blocked_analysis_review_and_builder,"Confirm the genomic-order runner is canonical and add final builder"
si_05_annotation_sizes,supplementary_sheet,"PUBLIC: tissue-specific sizes of baseline gene sets","scripts/run_additional_baselines.py; scripts/build_supp_table14_baselines.py",results/additional_baselines_genomic/summary.json,"legacy: scripts/build_supp_table14_baselines.py; final: MISSING consolidated builder","LIANA resource version must be recorded",blocked_frozen_sheet_and_builder,"Export exact annotation-size table as CSV and add final builder"
si_05_baseline_notes,supplementary_sheet,"PUBLIC: definitions and over-conditioning caveat for baseline controls",NA,results/additional_baselines_genomic/summary.json,"legacy: scripts/build_supp_table14_baselines.py; final: MISSING consolidated builder",NA,blocked_final_builder,"Generate notes from one versioned table specification"
si_05_matched_statistics,supplementary_sheet,"PUBLIC: biologically matched rule and enumerated-list pattern statistics","scripts/build_supp_table_biologically_matched_pairings.py",results/referee_audit/biologically_matched_pairings.json,"legacy: scripts/build_supp_table_biologically_matched_pairings.py; final: MISSING consolidated builder",NA,blocked_frozen_sheet_and_builder,"Export exact summary sheet as CSV and add final builder"
si_05_matched_membership,supplementary_sheet,"PUBLIC: matched-set membership for every landscape row","scripts/build_supp_table_biologically_matched_pairings.py","results/aggregated/landscape.csv; results/referee_audit/biologically_matched_pairings.json","legacy: scripts/build_supp_table_biologically_matched_pairings.py; final: MISSING consolidated builder",NA,blocked_frozen_sheet_and_builder,"Export exact 85-row membership CSV and add final builder"
si_05_matched_not_enumerated,supplementary_sheet,"PUBLIC: rule-matched combinations omitted from the narrow enumeration","scripts/build_supp_table_biologically_matched_pairings.py",results/referee_audit/biologically_matched_pairings.json,"legacy: scripts/build_supp_table_biologically_matched_pairings.py; final: MISSING consolidated builder",NA,blocked_frozen_sheet_and_builder,"Export exact sheet as CSV and add final builder"
si_05_within_trait_statistics,supplementary_sheet,"PUBLIC: paired within-trait matched-versus-unmatched summary","scripts/build_supp_table_biologically_matched_pairings.py",results/referee_audit/biologically_matched_pairings.json,"legacy: scripts/build_supp_table_biologically_matched_pairings.py; final: MISSING consolidated builder",NA,blocked_frozen_sheet_and_builder,"Export exact summary as CSV and add final builder"
si_05_within_trait_detail,supplementary_sheet,"PUBLIC: per-trait matched-versus-unmatched edge-z differences","scripts/build_supp_table_biologically_matched_pairings.py","results/aggregated/landscape.csv; results/referee_audit/biologically_matched_pairings.json","legacy: scripts/build_supp_table_biologically_matched_pairings.py; final: MISSING consolidated builder",NA,blocked_frozen_sheet_and_builder,"Export exact detail table as CSV and add final builder"
si_05_scale_invariance_audit,supplementary_sheet,"PUBLIC: measured-versus-positive-constant cross-section rank-concordance diagnostic","scripts/analyze_constant_score_control.py","results/referee_audit/constant_score_control.csv; results/referee_audit/constant_score_control.json","artifact-tool workbook assembly","Public ST/GWAS/gsMap remain external",local_ready,"Positive scalar rescaling leaves z and P unchanged; the audit diagnoses the constituent-gene estimand"
si_05_scale_invariance_notes,supplementary_sheet,"PUBLIC: scalar-invariance proof and explicit non-replication interpretation",NA,results/referee_audit/constant_score_control.json,"artifact-tool workbook assembly",NA,local_ready,"Cross-section context concordance reflects the shared constituent gene set LD reference and GWAS rather than replicated communication intensity"
si_05_jackknife_ordering,supplementary_sheet,"PUBLIC: summary-statistics-order versus genomic-order jackknife comparison","scripts/run_aggregate_ordering_comparison.py; scripts/analyze_aggregate_ordering.py","results/aggregate_ordering/*/ordering_comparison.csv; results/referee_audit/aggregate_ordering_summary.csv; results/referee_audit/aggregate_ordering_summary.json","legacy: scripts/analyze_aggregate_ordering.py; final: MISSING consolidated builder","Public GWAS/ST/gsMap remain external",blocked_portability_and_builder,"Parameterize ordering runner and add final consolidated builder"
si_05_jackknife_notes,supplementary_sheet,"PUBLIC: genomic order as inferential specification and tau invariance",NA,results/referee_audit/aggregate_ordering_summary.json,"legacy: scripts/analyze_aggregate_ordering.py; final: MISSING consolidated builder",NA,blocked_final_builder,"Generate notes from one versioned table specification"
si_06_genotype_null_battery,supplementary_sheet,"PUBLIC: aggregate and per-pair genotype-null calibration summaries","scripts/run_genotype_null_battery.py",results/genotype_null_battery/genotype_null_battery_table.csv,"legacy workbook builder: MISSING; final: MISSING consolidated builder","1000 Genomes/gsMap reference resources remain external",blocked_portability_license_and_builder,"Review simulation input licenses and site-specific execution; add deterministic workbook builder"
si_06_controlled_model,supplementary_sheet,"PUBLIC: M1 M2 and membership/marginal-controlled M6 aggregate results","scripts/exp_controlled_cross_moran_battery.py; scripts/analyze_controlled_cross_moran_battery.py","results/controlled_cross_moran_battery/combined_summary.json; results/aggregated/landscape.csv","legacy: scripts/build_supp_table10_m6.py; final: MISSING consolidated builder","Public GWAS/ST/gsMap remain external",blocked_portability_and_builder,"Canonical analysis uses site-specific paths/wrappers; add final builder"
si_06_coordinate_shuffle,supplementary_sheet,"PUBLIC: controlled and uncontrolled coordinate-shuffle diagnostics for the 28-row panel","scripts/exp_coord_shuffle_controlled_cross_moran.py; scripts/rebuild_controlled_cross_moran_summary.py","results/coord_shuffle_controlled_cross_moran/combined_shuffle_m6.json; results/controlled_cross_moran_battery/combined_summary.json","legacy: scripts/build_supp_table10_m6.py; final: MISSING consolidated builder","Public GWAS/ST/gsMap remain external",blocked_portability_and_builder,"Parameterize analysis paths and add final consolidated builder"
si_06_model_control_notes,supplementary_sheet,"PUBLIC: M1/M2/M6 definitions lower-bound interpretation and 28-row selection scope",NA,"results/controlled_cross_moran_battery/combined_summary.json; results/coord_shuffle_controlled_cross_moran/combined_shuffle_m6.json","legacy: scripts/build_supp_table10_m6.py; final: MISSING consolidated builder",NA,blocked_final_builder,"Generate notes from one versioned table specification"
si_07_context_set_summary,supplementary_sheet,"PUBLIC: primary status and broad LR-class-adjusted sensitivity over 11 priority-containing settings","scripts/run_perpair_lrclass_controlled_observed.py; scripts/run_perpair_lrclass_controlled_null.py; scripts/build_supp_table19_lrclass_control.py","paper/Supplementary_Table_7_LR_Class_Conditioned_Sensitivity.xlsx; results/perpair_lrclass_controlled_observed/; results/perpair_lrclass_controlled_null/","scripts/build_supp_table19_lrclass_control.py","Public GWAS/ST/gsMap remain external",local_ready_provenance_gap,"The public workbook is frozen and verified; restore and checksum the exact observed and 50000-draw null inputs before a clean rebuild"
si_07_prioritized_contexts,supplementary_sheet,"PUBLIC: 25 primary FDR-prioritized rows including 23 Bonferroni-positive rows with broad-class-adjusted diagnostics","scripts/run_perpair_lrclass_controlled_observed.py; scripts/run_perpair_lrclass_controlled_null.py; scripts/build_supp_table19_lrclass_control.py","paper/Supplementary_Table_7_LR_Class_Conditioned_Sensitivity.xlsx; results/perpair_lrclass_controlled_observed/; results/perpair_lrclass_controlled_null/","scripts/build_supp_table19_lrclass_control.py","Public GWAS/ST/gsMap remain external",local_ready_provenance_gap,"These are exploratory within-combination priority rows without study-wide error control"
si_07_all_conditioned_contexts,supplementary_sheet,"PUBLIC: all 5224 LR-context rows under the broad LR-class-conditioned specification","scripts/run_perpair_lrclass_controlled_observed.py; scripts/run_perpair_lrclass_controlled_null.py; scripts/build_supp_table19_lrclass_control.py","paper/Supplementary_Table_7_LR_Class_Conditioned_Sensitivity.xlsx; results/perpair_lrclass_controlled_observed/; results/perpair_lrclass_controlled_null/","scripts/build_supp_table19_lrclass_control.py","Public GWAS/ST/gsMap remain external",local_ready_provenance_gap,"The broad class covariate does not control the importance of each context's own constituent genes"
si_07_rank_stability,supplementary_sheet,"PUBLIC: primary-versus-broad-class-adjusted constituent-gene z rank stability","scripts/build_supp_table19_lrclass_control.py","paper/Supplementary_Table_7_LR_Class_Conditioned_Sensitivity.xlsx; results/perpair_lrclass_controlled_observed/","scripts/build_supp_table19_lrclass_control.py",NA,local_ready_provenance_gap,"Rank stability is descriptive sensitivity and does not identify LR pair identity"
si_07_lr_class_control_notes,supplementary_sheet,"PUBLIC: broad-class covariate definition own-membership collinearity empirical-null QC and interpretation limits",NA,"paper/Supplementary_Table_7_LR_Class_Conditioned_Sensitivity.xlsx; results/referee_audit/pair_membership_collinearity.csv","scripts/build_supp_table19_lrclass_control.py",NA,local_ready,"The context's own membership indicator is exactly collinear with its score-scaled annotation; the adjusted model addresses only broad LR-gene background"
si_08_pair_readout,supplementary_sheet,"PUBLIC: case-study pair sender/receiver localization readout","scripts/analysis/run_kuppe_sender_receiver_deconv_validation.py; scripts/analysis/summarize_kuppe_sender_receiver_deconv_validation.py","results/kuppe_sender_receiver/heart_control_deconv/readout/case_study_pair_readout.csv; results/kuppe_sender_receiver/heart_control_deconv/analysis_summary.json","legacy: scripts/build_supp_table23_heart_sender_receiver.py; final: MISSING consolidated builder","Kuppe processed ST and deconvolution weights remain at Zenodo 6578047",blocked_analysis_review_and_builder,"Verify the canonical analysis configuration and add final consolidated builder"
si_08_marginal_summary,supplementary_sheet,"PUBLIC: sender and receiver marginal communication allocation","scripts/analysis/run_kuppe_sender_receiver_deconv_validation.py; scripts/analysis/summarize_kuppe_sender_receiver_deconv_validation.py",results/kuppe_sender_receiver/heart_control_deconv/pair_marginal_summary.csv,"legacy: scripts/build_supp_table23_heart_sender_receiver.py; final: MISSING consolidated builder","Kuppe processed ST and deconvolution weights remain external",blocked_analysis_review_and_builder,"Freeze checksum and add final consolidated builder"
si_08_axis_summary,supplementary_sheet,"PUBLIC: sender-receiver cell-type-axis communication allocation","scripts/analysis/run_kuppe_sender_receiver_deconv_validation.py; scripts/analysis/summarize_kuppe_sender_receiver_deconv_validation.py",results/kuppe_sender_receiver/heart_control_deconv/pair_axis_summary.csv,"legacy: scripts/build_supp_table23_heart_sender_receiver.py; final: MISSING consolidated builder","Kuppe processed ST and deconvolution weights remain external",blocked_analysis_review_and_builder,"Freeze checksum and add final consolidated builder"
si_08_gene_localization,supplementary_sheet,"PUBLIC: weighted gene-expression localization by cell type","scripts/analysis/run_kuppe_sender_receiver_deconv_validation.py; scripts/analysis/summarize_kuppe_sender_receiver_deconv_validation.py",results/kuppe_sender_receiver/heart_control_deconv/expression_localization_by_celltype.csv,"legacy: scripts/build_supp_table23_heart_sender_receiver.py; final: MISSING consolidated builder","Kuppe processed ST and deconvolution weights remain external",blocked_analysis_review_and_builder,"Freeze checksum and add final consolidated builder"
si_08_localization_notes,supplementary_sheet,"PUBLIC: allocation baseline source URLs and compartment-level interpretation limits",NA,results/kuppe_sender_receiver/heart_control_deconv/analysis_summary.json,"legacy: scripts/build_supp_table23_heart_sender_receiver.py; final: MISSING consolidated builder","Zenodo 6578047 and saezlab/visium_heart",blocked_license_and_builder,"Record retrieval date/checksum and generate notes from one specification"
si_09_summary,supplementary_sheet,"PUBLIC: mappability and annotation-geometry flag counts for all nominal Bonferroni-positive and FDR-prioritized sets","scripts/audit_perpair_structural_qc.py",results/referee_audit/perpair_structural_qc_summary.json,"scripts/build_supp_table24_structural_qc.py","GWAS/ST/gsMap remain external",blocked_portability,"Remove the personal /scratch fallback from the source audit; the final workbook and builder use non-inferential flag names"
si_09_fdr_prioritized_contexts,supplementary_sheet,"PUBLIC: mappability and annotation-geometry QC for 25 FDR-prioritized context rows","scripts/audit_perpair_structural_qc.py","results/referee_audit/perpair_structural_qc.csv; results/perpair_empirical_50k_genomic/fdr010_pairs.csv","scripts/build_supp_table24_structural_qc.py","GWAS/ST/gsMap remain external",blocked_portability,"Parameterize GWAS/resource inputs; do not interpret geometry as LR-relation evidence"
si_09_bonferroni_positive_contexts,supplementary_sheet,"PUBLIC: mappability and annotation-geometry QC for 23 Bonferroni-positive context rows","scripts/audit_perpair_structural_qc.py","results/referee_audit/perpair_structural_qc.csv; results/perpair_empirical_50k_genomic/bonf_pairs.csv","scripts/build_supp_table24_structural_qc.py","GWAS/ST/gsMap remain external",blocked_portability,"Parameterize GWAS/resource inputs; do not interpret geometry as LR-relation evidence"
si_09_both_partner_mappable,supplementary_sheet,"PUBLIC: three FDR-prioritized rows in which both constituent genes are mappable across multiple blocks and the contributing gene set is unique","scripts/audit_perpair_structural_qc.py","results/referee_audit/perpair_structural_qc.csv; results/referee_audit/perpair_structural_qc_summary.json","scripts/build_supp_table24_structural_qc.py","GWAS/ST/gsMap remain external",blocked_portability,"This flag documents mappability and coverage only; it is not separate statistical support for both partners or their interaction"
si_09_all_context_qc,supplementary_sheet,"PUBLIC: mappability and annotation-geometry QC for all 6932 calibrated LR-context rows","scripts/audit_perpair_structural_qc.py",results/referee_audit/perpair_structural_qc.csv,"scripts/build_supp_table24_structural_qc.py","GWAS/ST/gsMap remain external",blocked_portability,"Parameterize inputs and freeze the source checksum; no LR-relation identification claim"
si_09_structural_qc_notes,supplementary_sheet,"PUBLIC: definitions and non-inferential scope of mappability and annotation-geometry flags",NA,results/referee_audit/perpair_structural_qc_summary.json,"scripts/build_supp_table24_structural_qc.py",NA,local_ready,"The audit describes constituent-gene support and sparse geometry; it is not an additional significance test"
data_preparation,analysis_family,"Deterministic conversion of public raw inputs","scripts/prepare_*.py; scripts/munge_*.py",MISSING,NA,"All GWAS and spatial accessions in Data availability",blocked,"Select maintained parameterized converters and record checksums and licenses"
empirical_lr_context,analysis_family,"Formal 50,000-replicate calibration of fixed LR-context constituent-gene annotations","scripts/recompute_perpair_empirical_genomic.py; scripts/compute_empirical_pvalues.py","curated observed and null summary CSV/JSON",NA,"Public GWAS; spatial datasets; gsMap",blocked,"Resolve canonical implementation replicate contract and frozen null summaries; the estimand does not identify LR relation direction or interaction"
quickstart,smoke_test,"Installation and aggregate pipeline file schemas",quickstart/run_quickstart.py,"quickstart/output/results.json; quickstart/output/lr_pair_stats.json",NA,"External gsMap resource (~621 MiB download)",local_ready,"Not a manuscript reproduction; fixed input does not exercise per-pair branch or empirical calibration"
